-312;Radio Flyer;81;indie emo
0;Noize MC;28;russian hip hop
0;Richie Warburton;37;future ambient
1:18;Krunk!;35;melbourne bounce
7%;РќРћРњ;84;classic russian rock
2:12;Blir;177;abstract
10%;Verbalisation;146;swiss hip hop
3:15;Wretched Asylum;58;cyber metal
4:08;Clutchy Hopkins;129;trip hop
4:14;Global Communication;156;ambient
4:30;Danger;11;filter house
4:39;CJA;93;drone psych
4:45 AM;Aisles;165;progressive rock
5:00 AM;Not Your Dope;15;bass trap
5:00 AM;The Bon Bons;101;girl group
5:00;Ogurusu Norihide;80;j-ambient
5:00 AM;Teemu Viinikainen Trio;58;finnish jazz
5:19;Matt Wertz;35;neo mellow
6:00 AM;Drumatix Six;75;nu electro
6:10;Sko/Torp;165;dansktop
6:30;Radikal;60;turkish hip hop
29%;Miroist;138;djent
7:30 AM;Slothrust;28;brooklyn indie
7:41;Still Parade;73;indie psych-rock
8:39;Fear Falls Burning;182;drone metal
0,4625;The Future Kings of England;36;deep space rock
11:11;TAEYEON;74;korean pop
11:22;So Many Ways;26;deep pop punk
12:03;Dual Mechanism;40;doomcore
12:30;Beast;130;k-hop
16:20;Yogui, Dan Solo;136;mexican indie
16:30;Jagga-Bites Combo;70;reggae fusion
6:00 PM;Blamstrain;179;intelligent dance music
8:00 PM;Kurt-Sunes med Helveteshundarna, Johan Johansson;148;swedish punk
20:17;Г“lafur Arnalds, Nils Frahm;11;bow pop
1;HWLS;191;electronic trap
100%;Angelspit;159;australian dance
1;The Fingerbangerz;163;scratch
1;Bob Proctor;81;motivation
1;SteinbrГјchel;138;lowercase
1,4;Finska rycket;174;swedish punk
2;Dan Shocker;34;hoerspiel
2;Giuseppe Ielasi;192;warm drone
2;Byul.org;88;k-indie
200%;End Of April;152;rap metalcore
2;Andrzej Przybielski, StanisЕ‚aw Soyka;4;polish jazz
50:50:00;Sad Lovers & Giants;157;ethereal wave
50:50:00;Futility;125;gothic doom
3;Giuseppe Ielasi;66;glitch
3;SteinbrГјchel;153;warm drone
3;SND;164;dub techno
3;Paralaxa;24;polish jazz
3;Jinnyoops!;129;j-punk
4;WZT Hearts;126;experimental psych
400%;Simon Fraser University Pipe Band;4;pipe band
4;Andrzej Przybielski, StanisЕ‚aw Soyka;157;polish jazz
5;Three Trapped Tigers;71;post rock
5;Cycle Of Pain;164;alternative roots rock
7;Catfish and the Bottlemen;171;indie rock
7;The Goblin Market;86;deep neofolk
9;FГ¶llakzoid;195;space rock
11;Loral Langemeier;38;motivation
16;Noise Addict;170;alternative pop
16;Andymori;194;j-indie
17;Youth Lagoon;93;chamber pop
17;Cross Canadian Ragweed;114;texas country
17;Street Party in Soho;57;shiver pop
17;Ч‘Чџ ЧђЧЁЧ¦Ч™;153;hebrew pop
18;Lyan, J-King y Maximan;111;reggaeton flow
19;Emmanuel Horvilleur;184;rock en espanol
19;Sour Cherry;80;sheffield indie
20;Magpie Jay;142;tico
22;Hurula;71;swedish indie rock
22;Tufts University Sq!;86;college a cappella
23;Deliverance;156;deep christian rock
23;Zale;66;romanian rock
24;Not Waving;43;fluxwork
24;House of Games;168;estonian pop
28;Bombax Vs Electrypnose;164;deep full on
28;Sons of Alpha Centauri;93;hard stoner rock
30;Lance Butters;78;deep german hip hop
32;Carpark North, Sandra Nasic;53;danish pop
33;Last Lungs;187;instrumental post rock
33;Osatia;196;electronicore
33;Krig;25;unblack metal
33 1/3;Mighty Tiger;100;deep indie pop
34;Karma To Burn;2;stoner rock
42;Young Cream;159;grave wave
43;Bokoesam, Lil' Kleine, D-Double;158;deep dutch hip hop
47;New Brutalism;161;math rock
52;SvГ¶lk;168;norwegian rock
54;Frankie & Johnny;84;deep northern soul
55;The Happies;116;slc indie
61;The Kissaway Trail;155;danish indie
68;By Proxy;123;cinematic dubstep
77;As The Sun Sets;174;mathcore
78;Expression Direkt;60;french hip hop
78;Being Buffalo;57;neo-singer-songwriter
83;Hey Today!;161;electrofox
86;Truncate;27;minimal dub
86;Middle Class Fashion;2;stl indie
88;0=0;128;breakcore
94;Duke Montana;131;italian hip hop
96;Out Came the Wolves;161;pixie
96;No Brain, Crying Nut;184;k-rock
99;The Haunted;88;metal
99;Aber das Leben lebt;75;vienna indie
99;Doppel D;61;austrian hip hop
100;Affiliated, Kevin Gates, OG Boobie Black;183;deep southern trap
100;T-Rock;1;memphis hip hop
100;Dean Blunt;165;vaporwave
101;WALLA;5;indie poptimism
101;Hoonch;191;indie psych-rock
112;Herrasmiesliiga;94;finnish dance pop
112;Alexis Weak;119;swedish hip hop
112;Adam Nilsson & Insatsstyrkan;133;swedish pop punk
115;Brian Tuey, James McCawley, Kevin Sherwood, Treyarch Sound;44;antiviral pop
123;Besa, Flori;4;albanian pop
143;Bobby Brackins, Ray J;177;slow game
147;Ed Zealous;188;northern irish indie
167;Krisp;84;gauze pop
187;Azad, Gzuz, Bonez;46;deep german hip hop
188;Paul Metzger;161;free improvisation
200;Р’Р°РґСЏСЂР° Р‘Р»СЋР·, Р›СѓРїРµСЂРєР°Р»СЊ, РќРёРіР°С‚РёРІ;100;russian hip hop
207;Dadi;171;deep brazilian pop
212;Azealia Banks, Lazy Jay;90;indie r&b
212;Wouter Hamel;163;dutch pop
247;David Correy;87;deep pop r&b
247;Laruzo, Maxe;85;deep german hip hop
303;Lock And Key;107;emo punk
333;Black Thai;60;black sludge
340;Asphyxiate;70;slam death metal
356;Blair Dunlop;54;traditional british folk
365;Quebec Antique;21;indie pop rock
400;Shing02;51;ambeat
405;Painted Willie;19;deep hardcore punk
420;Audiomission, Serial Killaz, Seyms;137;ragga jungle
444;Night Symmetry;76;destroy techno
495;Sun Gods In Exile;124;hard stoner rock
504;Mahos Paterakis;162;ambient dub techno
559;P.B.C.;95;bay area hip hop
559;P.B.C. Proud By Choice;135;bay area hip hop
570;Motionless In White;170;pixie
666;Louis Dee, Ensi, Egreen;163;italian hip hop
666;Sugar Candy Mountain;170;bay area indie
666;Psyfactor;143;psychill
666;Beta Satan;110;danish indie
679;Macy Kate;61;viral pop
700;CHS;4;doujin
708;Giacomo Manzoni, Roberto Fabbriciani;95;contemporary classical
710;Dalsin, Froid;44;brazilian hip hop
710;Sundials;136;orgcore
713;Detached;133;punk ska
731;Belmont;22;anthem emo
746;Trio Elf;169;fourth world
777;Gio Dee;182;dwn trap
800;Mercan Dede;117;turkish jazz
808;Olivia the Band;74;christian punk
993;Koen;176;abstract beats
999;Baco Exu do Blues;109;brazilian hip hop
1000;Vank;135;romanian pop
1066;God And Texas;91;noise punk
1101;34423;51;j-ambient
1200;De Fellas;14;deep dutch hip hop
1234;Feist;109;folk-pop
1250;High Klassified;67;vapor twitch
1407;Peter Rehberg;118;electroacoustic improvisation
1414;Tallows;168;ok indie
1428;Crystal Viper;187;power metal
1428;Shadow Windhawk and the Morticians;73;horror punk
1492;Headcornerstone, Jahcoustix;58;reggae fusion
1537;Guardarraya;161;ecuadoria
1755;Chainless;196;witch house
1875;Circle J;18;celtic punk
1901;Phoenix;138;indie rock
1905;SГµpruse Puiestee;30;estonian pop
1913;Kenoma;154;post-metal
1914;WONK;107;japanese city pop
1917;Mike Shiflet;81;abstractro
1922;Dykeritz, Jordan Blum;13;portland indie
1925;Lovers Drugs;100;la indie
1927;139th Street Quartet;26;barbershop
1929;Tara Oram;93;country dawn
1931;The Cold Harbour;68;heavy alternative
1937;Novel Nature;119;indie rockism
1940;The Submarines;108;indie pop
1941;Horizon Ablaze;147;grisly death metal
1941;Mortuary;14;grim death metal
1943;Bike;134;nz indie
1944;Jamala;26;eurovision
1945;Akiakane;127;j-punk
1955;Hilltop Hoods, Montaigne, Tom Thum;184;australian hip hop
1957;Milo Greene;125;folk-pop
1968;Die Kapelle Der Versoehnung, Rainald Grebe;137;kabarett
1974;Karjalan Sissit;108;martial industrial
1975;Die Regierung;186;german indie
1975;The Modesty;53;mod revival
1977;Ana Tijoux;156;latin alternative
1977;Quentin Dujardin;3;new tribe
1978;Germany Germany;74;chillwave
1979;New Shack;124;vapor soul
1979;Deru;148;electronica
1980;Alandon;99;riddim
1980;Biorn Borg;187;ecuadoria
1982;Apocalipsis;87;funk metal
1983;Derik Hultquist;128;deep new americana
1983;Sophie Hunger;79;swiss rock
1983;Wetness;144;destroy techno
1984;Adestria;123;screamo
1984;Andymori;103;j-pop
1984;Teknian;106;filthstep
1984;Dopamine;159;nu skool breaks
1984;Neon Kross;149;corrosion
1984;X-State Ride;156;fast melodic punk
1984;Taketh;82;unblack metal
1985;Bowling For Soup;59;pop rock
1985;Jetz;101;danseband
1985;Roper;200;christian punk
1985;Kvelertak;174;norwegian metal
1987;Neves;179;antiviral pop
1987;Lucy In Disguise;77;retro electro
1988;Deep Chill Network;21;deep ambient
1988;Michael Pickett;110;blues-rock guitar
1989;The Rakes;193;alternative dance
1989;Brockdorff Klang Labor;101;german indie
1989;The Emotron;33;solipsynthm
1989;The Destroyed Room, Boston Pizza Records;32;spanish indie rock
1989;Machtwort;162;german street punk
1990;Liferuiner;173;canadian metal
1991;Urulu;189;float house
1991;DJ I-DEE;192;scratch
1992;The Modern Society;47;indie pop rock
1993;DJ Signify;146;ninja
1994;Slutever;126;riot grrrl
1995;Dice Raw;55;wrestling
1995;Team William;32;belgian rock
1996;Ray Fuego;152;deep dutch hip hop
1998;Black Twig;85;finnish indie
1999;Elito RevГ© y su CharangГіn, Alexander Delgado (Gente D' Zona), Serguei Yera Madera;157;cubaton
2000;Papaya Paranoia;39;j-punk
2001;Eupsychia;131;goa trance
2004;Richard Youngs & Simon Wickham-Smith;150;drone psych
2005;Jewel Kid;72;funky tech house
2011;ColBreakz;105;zapstep
2011;Kejser A;40;danish hip hop
2011;TAXIM;52;dark electro-industrial
2012;Adult Mom;191;indie punk
2012;Nice Weather for Ducks;184;portuguese rock
2012;Evolove;105;gothic alternative
2012;C.J. Catalizer;23;ambient psychill
2013;MoonDoctoR;43;footwork
2014;Plainsunset;77;singaporean pop
2015;Weekend Nachos;115;mathcore
2017;KYPCK;121;doom metal
2017;German Error Message;153;shimmer psych
2020;SOL;35;underground pop rap
2020;Suuns;164;chamber psych
2020;Laura PГµldvere;17;estonian pop
2022;Fother Muckers;14;chilean rock
2054;Aeolho;146;substep
2468;DJ Yoda;186;ninja
2685;DJ Marfox;4;kuduro
4101;Roly Porter;49;drone
5003;Detro;115;greek hip hop
6000;Deventter;31;melodic progressive metal
7861;Beneath The Sky;106;metalcore
9909;Danger Silent;99;post-screamo
10004;Remora;200;drone psych
окт.31;Antibodies;155;deep hardcore punk
20202;аёаёµаёЈа№Њ а№„аёЉаёўа№Ђаё”аёЉ;165;thai indie
май.56;Rally;162;classic swedish pop
01.02.1960;Winnie Dahlgren Quintet;37;deep latin jazz
окт.75;Conrad Schnitzler;149;industrial
01.12.1987;RГєnar ГћГіr;162;classic icelandic pop
35007;Monkey3;18;space rock
01.01.2000;Qek Junior;50;minimal wave
37501;37500 Yens;96;math pop
02.11.2002;Taylor Deupree + Kenneth Kirschner, Taylor Deupree, Kenneth Kirschner;41;abstract
01.02.2003;Len Barry;132;northern soul
01.02.2003;Ann Tayler;27;danseband
01.02.2003;East End Badoes;196;oi
03.02.2003;Okay Temiz, Embryo;182;turkish jazz
13.12.2003;Ensemble HKS;99;deep german jazz
01.08.2007;DJ Marvel;18;scratch
39646;This Vale Of Tears;145;corrosion
май.20;Mony;178;girl group
май.20;Ben Markley;16;jazz composition
01.янв;Dan Farserelli, Seb Zito;41;deep deep house
13.янв;Supersilent;189;minimal
01.фев;Eufemia;97;mexican indie
06.фев;Supersilent;179;glitch
26.фев;Ben Neuman;44;jazz composition
02.мар;Enduser;168;darkstep
07.апр;The Britt Lloyd Band;186;deep texas country
17.май;20-2-Life;39;dirty texas rap
24.июл;Kevon Edmonds;200;urban contemporary
24.июл;Jahmel;162;traditional reggae
24.июл;Colin England;79;new jack smooth
10.окт;Novelist;144;grime
07.ноя;Steve Roden, Jason Kahn;166;electroacoustic improvisation
07.дек;Steve Roden, Jason Kahn;107;electroacoustic improvisation
12.дек;General Knas;178;danspunk
авг.26;Bonk;192;norwegian punk
фев.27;Paulo Napoli, Parteum;199;brazilian hip hop
70707;Spatial;153;cinematic dubstep
71100;Mecna;23;italian hip hop
80207;Spatial;150;bass music
87250;Mac Bueno & DJ Tatc;115;finnish hip hop
90121;Spatial;165;substep
90210;The Courtneys;35;preverb
92100;Lello Analfino, Tinturia;200;italian arena pop
116 111;Sowdiak, Simmy Man, Sunniva;139;norwegian hip hop
999544;Wind Und Farben;140;deep german punk
2478431;Aytee, Fear;14;deep german hip hop
55566688833;James Figurine;87;electronica
-;Leviathan;162;depressive black metal
- +;Shock Bukara;133;latin electronica
- Checumbias: (Santoparrandero -La pollera colorГЎ - El africano - La estera - La puya loca);Checo Acosta;141;cumbia
- It's Just - Talk;Bob Curnow's L.A. Big Band, Bobby Shew, Wayne Bergeron, Alex Iles;123;jazz orchestra
' T Zijn Zotten Die Werken;Juul Kabas;40;classic belgian pop
! la diagonale du fou !;Cave Canem!;74;accordeon
!Pum-!Pum, Bang-Bang!;Los Esquizitos;122;mexican indie
!Quita Esa Mierda!;Los MutagГ©nicos;104;trash rock
""" """;Breadwinner;71;math rock
"""...A Moving Train""";Blue Monday;184;alternative hardcore
"""68";Anima Sound System;142;world chill
"""amour Grand Terrible Champ Critique"": (2003-04) - Ii";Alain Bancquart;131;contemporary classical
"""BabyRock"" Rock";Clorofila;148;mexican indie
"""Blue Tango"" Very Best of Leroy Anderson: Belle of the Ball";Iain Sutherland Concert Orchestra, Iain Sutherland;135;light music
"""Blue Tango"" Very Best of Leroy Anderson: Blue Tango";Iain Sutherland Concert Orchestra, Iain Sutherland;71;light music
"""Born a G"" (feat. Killa Tay)";Kingpins Only, Killatay;76;deep g funk
"""Can't Say No""";Greg Guidry;16;deep soft rock
"""Come Ye Faithful"", Exaltation of the Cross";St. Tikhon's Seminary Choir;163;liturgical
"""Crisantemi"" For String Quartet: Andante mesto";Giovanne Quartetto Italiano;7;deep string quartet
"""Das Will Ich Sehen!""";Mark Bremer, Elena Wilms;80;hoerspiel
"""De Lambida Em Lambida, A Tijuca DГЎ Um Click Na Avenida""";Wantuir;62;samba-enredo
"""Dobrynia Nikitich""";Leonid Sobinov;59;deep opera
"""D'ogni piГ№ sacro impegno"" from L'Occasione fa il Ladro";RamГіn Vargas, English Chamber Orchestra, Marcello Viotti;116;opera
"""Elektra"": Ich habe keine guten NГ¤chte. (KlytГ¤mnestra, Elektra)";Leonie Rysanek, L'Orchestre de la Suisse Romande, Gwyneth Jones, Jeffrey Tate, Jean Laforge, ChЕ“ur du Grand ThГ©Гўtre de GenГЁve;128;opera
"""Elsa's Procession to the Cathedral"" from Lohengrin";US Marine Band;78;marching band
"""Esprit de Corps""";US Marine Band;27;marching band
"""Eugene Onegin"", Vals";Orquestra SimfГІnica Del VallГЁs;98;relaxative
"""First chance I get I am licensing this track to a car commercial or video game, so fuck you and your no sell out anti-establishment posturing, or some such in your face remark of that sort.""";Stunt Rock;86;drill and bass
"""Free At Last"" 5/2/94";Nelson Mandela;17;oratory
"""Frozen"" Piano Medley";The Piano Gal, Jason Lyle Black;172;classify
"""Gabriella's Song"" From The Motion Picture ""The Mission""";German Brass;134;brass ensemble
"""Gandharva-Music"" op. 49";John Foulds, Juan JosГ© Chuquisengo;159;light music
"""Hey Girl""";Nicholas Martinez;59;albuquerque indie
"""in the Still of the Night""";Kenny Chandler;72;soda pop
"""Italian Concerto"": Concerto In The Italian Style, BWV 971, ""Italian Concerto"": II. Andante";Joseph Banowetz, Johann Sebastian Bach;63;concert piano
"""La Cambiale Di Matrimonio"": Cavatina Buffa e Stretta dell'Introduzione";Ursula Duetschler, Maurizio Comencini, Bruno Pratico, English Chamber Orchestra, Bruno De Simone, Francesco Facini, Valerio Baiano, Maciej Rakowski, Alessandra Rossi, Marcello Viotti;113;harpsichord
"""Langsamer Satz""";Carmina Quartet;51;string quartet
"""Lets Have Another Party"" Medley";Winifred Atwell;95;boogie-woogie
"""Martin Luther Г  Erasme Du Serf Arbitre"" / Musique: Psaume Christ lag in Todes";RenГ© Zosso, Jordi Savall, Carlos Garcia-Bernalt;180;french folk
"""Mike Cole"" (1234 remix)";Love Lockdown;171;fake
"""Minute Waltz"" Op. 64. No 1";David Glen Hatch;122;lds
"""Music""";Sathima Bea Benjamin, Ricky Ford, Larry Willis, Buster Williams, Billy Higgins;134;south african jazz
"""O Ti-Ti-Ti Do Sapoti""";Anderson Paz;25;samba-enredo
"""Os Deuses Do Olimpo Na Terra Do Carnaval; Uma Festa Dos Esportes Da SaГєde E Da Beleza""";Gilsinho;13;samba-enredo
"""Preto E Branco A Cores""";Luizinho AndanГ§as;71;samba-enredo
"""Rhythm of the Night"" (feat. Corona)";Mic Boogie, Corona;160;canadian hip hop
"""Shoulda""";Geno Young;190;neo soul-jazz
"""si"" n'existe pas";Aqme;5;neo metal
"""Smile"" (Final Theme from the Motion Picture ""Modern Times"") - Arranged by Nan Schwartz";Thomas Quasthoff, Alan Broadbent, Chuck Loeb, Dieter Ilg, Peter Erskine, Till BrГ¶nner, Deutsches Symphonie-Orchester Berlin, Nan Schwartz;126;string quartet
"""The Chick""";Crime Boss;197;dirty texas rap
"""The Little House"" Theme";David Rose Project;42;theme
"""This Is SeagullвЂ¦.""";The Snake Corps;64;gothic rock
"""Wanna Girl(Like That)";Deluxe Leisure King;115;underground power pop
"""X-Files"" Theme";Grim Reapers from Hell;47;halloween
"""Z"" no Chikai - Movie Version";Momoiro Clover Z;92;j-pop
"""Р“РґРµ РЅР°СЃ РЅРµС‚""";Oxxxymiron;153;classic russian rock
# 34;Skoda;79;bulgarian rock
#000000 Nn da Club;Suzi Analogue;175;wonky
#008000;Microseq;55;abstract
#03 A2;Raw Series;188;minimal dub
#080 (feat. Runtown);Chuddy K, Runtown;140;afrobeats
#1;DEV, Nef The Pharaoh;158;pop
#1;The Morning After;200;indonesian indie
#1;Uni46;190;j-poppunk
#1 Girl;Vyce;53;horrorcore
#1 Killer;Destroy Babylon;50;vegan straight edge
#1 Stunna;K-lix;97;deep breakcore
#1985;Gurr;64;german indie
#2;Sam Crain;74;deep jazz guitar
#23;IAN SWEET;64;garage psych
#3;Nisennenmondai;21;japanoise
#33 Forever;Cody B. Ware;37;wrestling
#4;Nisennenmondai;54;japanese psychedelic
#6;Nisennenmondai;106;japanese psychedelic
#61;INVSN;174;deep swedish indie pop
#9 Blackpool Rock;Plant Bach Annifyr;80;welsh rock
#aintimonit Feat. Royce da 5'9;K Deezy;33;detroit hip hop
#apumegvette;Farkasok, Mr.Busta, AK26;83;hungarian hip hop
#apГ©nzembeestГ©lbele;Farkasok, Mr.Busta, AK26;53;hungarian hip hop
#Askip;Black M;1;francoton
#AVMITHOVED;TAKforSIDST;68;deep danish pop
#Bitches;Troublegang;21;czech hip hop
#CaixaGang;AbJo;26;abstract beats
#CamDab;Milla;193;slow game
#david_beckham;Diox;53;polish hip hop
#Denia;Manal;179;argentine rock
#Dreizwei;Takt32;93;deep german hip hop
#etiketa - Dub Version I;Barbass Sound, Yeyo Perez, Chalart 58;16;spanish reggae
#FDFMN Feet Don't Fail Me Now;Pikahsso;123;dallas indie
#GimmeGrime;Saskilla;155;grime
#Googledatshit;La KLiKARiA;55;greek hip hop
#HEY!;Pase Libre;15;cumbia pop
#Ihaveablackbeltinawesome;The Monster Goes Rawrr;49;alternative pop rock
#iWantDat (feat. Problem & Bad Lucc);Mindless Behavior, Problem, Bad Lucc;177;boy band
#Kingsofuntenrum;Reduction;40;beatdown
#LITO;Press Play;164;christian alternative rock
#Mine (feat. Kevin Gates);Lil' Kim, Kevin Gates;98;r&b
#MyLove;Benavides;143;pop reggaeton
#Nuorijavilli;Niko Saarinen;187;finnish dance pop
#OET;Krisko;134;chalga
#OPMEDHOVEDET;Gigasus;56;danish hip hop
#SameTeam;Swoope, Tedashii, Yaves, Dre Murray, JGivens, John Givez;19;christian hip hop
#Selfiecypher;AndrГ© Jensen, Smart 9000, Andreas Delario, Fabe, Nils m/ Skils & Evig Poesi, AndrГ© Jensen, Smart 9000, Andreas Delario, Fabe, Nils M/ Skils, Evig Poesi;182;norwegian hip hop
#Snoopie;Inte Helt Hundra;122;swedish eurodance
#Spliff;Gros Mo;173;trap francais
#Sunshine - Till Tonight;Van Snyder;124;remix
#SweetPuzzySaturday;Diezel;47;greek hip hop
#TAKT - Welt us - Musik ahn;Funky Marys;149;karneval
#That Power (Radio Remix);The Girl I Got;54;fake
#thatPOWER (Basslouder Remix);Fly Dollah;183;remix
#thatpower (I Got That Power);Noisy Planet;8;fake
#TheProtester;Kris Bowers;119;indie jazz
#Tpt (Toffee Pun Tongue);Kaakie;66;azonto
#Trendin;The Original 7ven;90;p funk
#TWEET - Reid Speed & Robot Empire Remix;Robot Empire, Reid Speed, Feral Is Kinky;138;filthstep
#TWEET - Spenda C Remix;Feral Is Kinky, Spenda C;165;melbourne bounce
#WBTM;Slikk;99;memphis hip hop
#WCW;Devvon Terrell, Cristion D'or;169;slow game
#Whoami;Psilocybe Project, Montti;12;full on
#whyus;Rich Kidz;50;deep trap
#РњРќРћР” - РњС‹ РЅРµ РѕСЃС‚Р°РЅРµРјСЃСЏ РґСЂСѓР·СЊСЏРјРё;РўРёРЅР° РљР°СЂРѕР»СЊ;163;russian pop
$$ Spoilers $$;Jarrow;197;deep australian indie
$10 in Movie Heaven;One Inch Man;91;deep space rock
$10,000 Bookshelf;Percy Jones Ensemble;104;deep jazz fusion
$1000000;Tokyo Pinsalocks;65;j-punk
$160 Million Chinese Man;David Holmes;119;trip hop
$165 Million + Interest (Intro) The Round Up;David Holmes;121;electronic
$39.00;Metroschifter;28;louisville indie
$50 & a Flask of Crown;Matt Powell;154;texas country
$ave Dat Money (feat. Fetty Wap & Rich Homie Quan);Lil Dicky, Rich Homie Quan, Fetty Wap;153;pop rap
&Fate;Boddika, Joy Orbison;99;future garage
(281) Sabrosura Medley;Tejano Highway 281;74;tejano
(4) Despedida;David Hall;108;mallet
(73) the Nearness of You;Loud Harp;150;anthem worship
(A Casa da) Mariquinhas;Gisela JoГЈo;68;portuguese rock
(A Departure Of The Sun) Ignite The Tesla Coil;Decrepit Birth;52;brutal death metal
(A)tension;Versus Me;184;post-screamo
(An Empty Bottle, A Broken Heart) You're Still On My Mind;Jeff Chance;146;neo-traditional country
(Angry Kids of the World) Unite;Tiger Tunes;199;danish pop
(Another) Hour of The Grubber;Ashtray Navigations;78;japanese psychedelic
(Ant-43);Joseph Loibant;69;organic ambient
(Are You Ready) Do The Bus Stop / Suga;Fatback Band, Sarah Ruba;159;funk rock
(arrow up);Boredoms;200;space rock
(Baby) Hold On;The James Hunter Six;56;funk
(BALLAD OF) THE HIP DEATH GODDESS;Ultimate Spinach;107;psychedelic rock
(Bonjour Tristesse) Hello Sadness;Lucille Starr;25;traditional rock 'n roll
(Bonus CD) Once Upon A Time: Sleeping Beauty;Helen Trevillion;140;neo-pagan
(Bonus) Back on E;Chophouze, Young Scooter, Bleu Davinci, Cap 1;11;beats
(Bye Bye) Curse of 45;Michele McGuire;1;chicago indie
(C.I.A) Chasing Interstellar Anunnaki (feat. Beast 1333;Apakalypse;18;flick hop
(Can't You) Trip Like I Do;Filter, The Crystal Method;95;grunge
(Come On and Be My) Sweet Darlin - Instrumental;Jimmy Soul Clarke;177;deep northern soul
(Come On) King of the Road;Conniption;142;deep thrash metal
(DancinвЂ™) On A Saturday Night;Barry Blue;37;glam rock
(Digging The) Midnight Silver;JefvTaon;25;deep neofolk
(Disgyn) Amdana Ti;Sibrydion;12;welsh rock
(Diz) A Verdade;Paulo PraГ§a;148;portuguese rock
(Do I Figure) In Your Life;Creepy John Thomas, Johnny Driver;116;psychedelic blues-rock
(Do) Whatever Turns You On, Pt. 1 & 2;Prepositions;200;traditional funk
(Does She Love Me?) Positively Absolutely;Aileen Stanley & Billy Murray;114;vintage jazz
(Don't Fear) The Reaper;Blue Г–yster Cult;1;rock
(Don't Fear) The Reaper;The Exboyfriends;127;a cappella
(Don't Fear) The Reaper;Sever Your Ties;195;christian hardcore
(Don't Go Back To) Rockville - Live;Bain Mattox, JoJo Glidewell (Modern Skirts);151;athens indie
(Don't Worry) If There Is A Hell Below, We're All Going To Go;Curtis Mayfield;172;soul
(Empty) Tankard;Tankard;50;metal
(Everything I Do) I Do It For You;Bryan Adams;110;canadian pop
(Everything I Do) I Do It For You;Roberto Danova;72;panpipe
"(Everything I Do) I Do It for You (Theme From ""Robin Hood : Prince of Thieves"")";Generation B.O.;76;french movie tunes
(Fallin' Like) Dominoes;Donald Byrd;57;classic funk rock
(Feels Like) Heaven;Fiction Factory;76;synthpop
(Fuck The) U.S.A.;The Exploited;52;punk
(Funk) AteМЃ o CarocМ§o;BNegГЈo & Seletores de Frequencia;140;brazilian indie
(Gde) MoЕѕemo Se Sresti;Boye;184;yugoslav rock
(Getting Some) Fun Out Of Life;Madeleine Peyroux;140;soul
(Give Me) A Night in June;Ipana Troubadours;96;vintage jazz
(Glad I'm Not) a Kennedy;Shona Laing;85;kiwi rock
(Gonna) Shine Up My Boots;Corb Lund Band;150;canadian country
(gotta get it) Off My Chest - Demo 2004;Off My Chest;88;alternative hardcore
(Happy) Jag hatar att det Г¤r sГҐ;Nina Rochelle;158;swedish indie rock
(He Is) The Boy Of My Dreams;Patrice Holloway;197;deep motown
(heart);Boredoms;60;experimental rock
(Her Kommer) Pelle Parafins BГёljeband;Tramteateret;82;classic norwegian pop
(He's) The Great Imposter;The Fleetwoods;105;doo-wop
(how It Feels) to Be Real;Southern Kartel;48;deep g funk
(How Much Is) That Doggie in the Window;Patti Page;154;cowboy western
(I Can't Get No) Satisfaction - Mono Version / Remastered 2002;The Rolling Stones;97;protopunk
(I Can't Wait For The) Weekend Show;Sudden Fun;54;deep punk rock
(I Don't Know Why) But I Do;"Clarence ""Frogman"" Henry";107;swamp pop
(I Found Something New) Under the Sun;Joseph Coward;21;indie psych-pop
(I Got Spurs That) Jingle, Jangle, Jingle;Kay Kyser & His Orchestra;152;big band
(I Got) Somebody New;Georg Levin, Clara Hill;170;broken beat
(I Have) Night Terrors;Lake Inferior;72;triangle indie
(I Just Wanna Be) Your Steve McQueen;Eytan Mirsky;15;underground power pop
(I Just Wanna) Milkshake;Go Back To The Zoo;34;dutch rock
(I Just) Died in Your Arms;Cutting Crew;192;soft rock
(I Just) Died In Your Arms;DEAD SEASON;145;hard alternative
(I Live For) Cars and Girls;The Dictators;45;protopunk
(I Love You) For Sentimental Reasons;Eddy Howard;119;deep adult standards
(I Should Be A) Communist;This Many Boyfriends;30;indie fuzzpop
(I Wanna Ride on a) Super Panga;Tolchock Trio;8;slc indie
(i Want A) Big Butter And Egg Man;Muggsy Spanier & His Ragtime Band;62;dixieland
(I Want to Be Your) Slave;Kandles At Nine;113;neo-industrial rock
(I Wish It Was) 1973;Skaville UK;90;ska revival
(I'd Rather Be) Anywhere But Here;Honeyblood;22;alt-indie rock
(If I Could Only) Keep Your Love;Ukulele Jim;1;ukulele
(If I Could See The World Through) The Eyes Of A Child;Mandy Barnett, Various Artists;134;rhythm and boogie
(If Loving You Is Wrong) I Don't Want To Be Right;Millie Jackson;44;soul
(If Loving You Is Wrong) I Don't Want to Be Right;Luther Ingram;200;soul
(If You) Keep Me in Your Heart [2];Bill Wells & Aidan Moffat;129;scottish rock
(Il est 5 heures) Paris sвЂ™Г©veille;An PierlГ©;64;belgian rock
(I'll Build A) Stairway To Paradise;Georges GuГ©tary;21;vintage chanson
(I'll Hold You) Closer Than Love;Barbara Perry;118;deep southern soul
(I'm A) Runaway;Sassa;153;deep freestyle
(I'm Gonna Be) 500 Miles;MxPx;58;pop punk
(I'm Into) Necrophilia;Amazing Space Frogs;24;deep punk rock
(I'm Not Ready To) Settle Down;Little Ben & The Cheers;122;traditional soul
(I'm Running Around In) Circles;The Circles;143;mod revival
(I'm) Stranded - 2004 Digital Remaster;The Saints;112;garage rock
(In Bobo's Restaurant) Canzone Per Loretta / Addio, Mulberry Street;Dick Hyman, Jack Zaza;164;lounge
(In Your) Neutral Eyes;Neutral Lies;1;deep neo-synthpop
(Is Anybody Going To) San Antone - Single Version;Doug Sahm;110;swamp pop
(It Could Be) Love;Camouflage Nights;162;deep canadian indie
(It Would Be) a Doggone Lie;Autry Inman;196;vintage rockabilly
(It's Not A) Prety Princess Day;Kitten on the Keys;104;dark cabaret
(It's) All Yours;Paul Malsom;164;fingerstyle
(I've No Wish to) Keep It Real;Mr.B The Gentleman Rhymer;162;nerdcore
(Jacuzzi Floozies);Little Smoke;109;rva indie
(Jag Hatar) Sigmund Freud;Bruset;63;swedish punk
(Jag Kunde Ha Varit) Vem Som Helst;Sibiria;79;swedish indie rock
(Jaw Tension) No Thought Left Alive;Joe Colley;158;electroacoustic improvisation
(Keep Feeling) Fascination;The Human League;63;permanent wave
(Keep In Touch) Body To Body;Shades of love;96;post-disco soul
(KSW 36) Trzy korony (prod. Matheo);Bonson, Kieru, Bilon, Ania Karwan, Sobota, Wini;67;polish hip hop
(Leaving This Planet On The) Sunday Night;Perfect Piano Lesson;43;j-indie
(let's build) a station in space;Punish Yourself;28;digital hardcore
(Let's Go) Psycho [feat. Danny B. Harvey];Brigitte Handley, Danny B. Harvey;162;psychobilly
(Let's Go) Smoke Some Pot;Dash Rip Rock;133;lo star
(Let's) Get (Married);The Slow Beings;74;perth indie
(Love Is Like A) Heat Wave - Single Version;Martha Reeves & The Vandellas;135;soul
(Love is like a) Heatwave;The Floe;12;neo-singer-songwriter
(love Is) - The Tender Trap;Mary Lowe;80;deep vocal jazz
(Maybe That's A) Treefrog;Record Hop;93;dallas indie
(Maybe You'll Get) Lucky (F's Radio Edit);Sound Bluntz, Cheyne Coates;104;australian dance
(Music) Saved My Life;Lil' Louis & The World;162;chicago house
(Now and Then, There's) A Fool Such As I - Single Version;Hank Snow;183;canadian country
(Oh Lord Won't You Buy Me A) Mercedes Benz;Goose Creek Symphony;118;country rock
(PoЕјycz mi) sto lat;Kumka Olik, CzesЕ‚aw Mozil;37;polish indie
(put The Lime In The) Coconut;Toxic Audio;36;a cappella
(R E A L L O V E);Factory Floor;159;fluxwork
(R.I.P.)r.I.P.;Boys Club;134;garage punk
(Rad Imel Bi) Jabuko;Katalena;90;slovenian rock
(Re):Birth;"Synk;yet";183;oshare kei
(Right) After School;Freddie & Claire;162;vintage swoon
(Rock) Superstar - Explicit LP Version;Cypress Hill;164;hip hop
(Sacrifical) Devil Worships Psalmody;Atritas;123;symphonic black metal
(She's My) Vampire Girl;Groovie Ghoulies;16;power-pop punk
(Sing a Song with) Aimee Mann;Johnny Reid;189;country road
(Sittin' on the) Dock of the Bay;Come Shine, The Norwegian Radio Orchestra;22;norwegian jazz
(Sittin' On) The Dock Of The Bay;Otis Redding;7;soul
"(Somebody) Help Me Out - 12"" Version";Beggar & Co;98;post-disco soul
(Sonrisa);De La Gran PiГ±ata;120;argentine rock
(star);Boredoms;143;japanese psychedelic
(Still) Kickin' On;Local Resident Failure;198;fast melodic punk
(Stop) Losing Your Chances;Cold, Bold & Together;94;traditional funk
(Strip The Willow Medley 1) Haste To The Wedding / The Blackthorn Stick / Roaring Jelly / Lannagan's Ball / Emund McKenzie Of Plockton / The Corner House Jig - Scottish Country Dance Mix;Haud Yer Lugs;87;traditional scottish folk
(Tema fra) LГёver & Tigre;LГёver & Tigre;98;norwegian punk
(The Barn Dance) Tim Bain's Lum, Major Manson's Farewell to Clachantrushal;Ceilidh Minogue;187;traditional scottish folk
(The Jigs) Haste To The Wedding, Jim McAllster's Jig, Stan Chapman, The Sailor's Wife;Ceilidh Minogue;5;traditional scottish folk
"(The Legend of) Miss Baltimore Crabs (""Hairspray"")";Michelle Pfeiffer;45;hollywood
(the) Chainsaw Juggler;The Four Postmen;25;geek rock
(There's Gotta Be) More To Life;Stacie Orrico;45;candy pop
(There's) Always Something There to Remind Me;Sandie Shaw;199;adult standards
(There's) No Gettin' Over Me - Remastered;Ronnie Milsap;113;country rock
(They Found Me On The Back Of) The Galaxy;The Intelligence;188;punk blues
(They Long To Be) Close To You;Carpenters;109;mellow gold
(They Long to Be) Close to You;Isabella Taviani, Dionne Warwick;43;mpb
(They Long to Be) Close to You;Steven C;38;classify
(They Long To Be) Close To You;Gisle BГёrge Styve;191;norwegian jazz
(They Long to Be) Close to You;Gabriel Espinosa, Tierney Sutton;75;jazz composition
(They Long to Be) Close to You (feat. Michael Bolton);Richard Clayderman, Michael Bolton;195;classify
(This Is) The Dream Of Evan And Chan - Remastered;Dntel;193;electronica
(tilde);Boredoms;164;industrial
(To Be) Free - Original Radio Italomix;Alex Snake;128;italo dance
(To The) Snow-Crowned Mountains;Sorcier des Glaces;91;raw black metal
(Today I Met) The Boy I'm Gonna Marry;Darlene Love;153;brill building pop
(two circles);Boredoms;180;post rock
(Upon the Cross) Tormented and Lost;Bloodthirst;167;black thrash
(W)hole;The Watermark High;73;instrumental post rock
(We Ain't Got) Nothin' Yet;The Blues Magoos;57;psychedelic rock
(We Don't Care About) Kommando '96 - Herrschaft Remix;The CNK;136;cyber metal
(we used to feel) Higher;Little Children;95;swedish indie pop
(We'll Understand It Better) Bye And Bye;The Zion Travelers;72;gospel blues
(What A) Wonderful World;Art Garfunkel;151;singer-songwriter
(What A) Wonderful World;Sam Cooke;6;soul
(What This World Needs Is) A Few More Rednecks;The Charlie Daniels Band;192;nashville sound
(When I) Coming Around;Jonesin';136;deep orgcore
(Will You Ever Be My) Steady Boyfriend;April Young;68;girl group
(With My) Mementos;Tracer Metula;110;athens indie
(Won't You Please) Tell Me Something;Let's Say We Did;48;indie psych-pop
(Won't You Ride In) My Little Red Wagon;Lloyd Copas;182;vintage rockabilly
(X-Ray) Follow Me;Space Frog, Grim Reaper;60;bubble trance
(You Got To Pray To The Lord) When You See Those Flying Saucers;Dry Branch Fire Squad;130;progressive bluegrass
(You Should Have Seen) The Other Guy;The Vivs;23;boston rock
(You) Got What I Need;Freddie Scott;164;southern soul
(Your Love Keeps Lifting Me) Higher & Higher;Jackie Wilson;9;soul
(You're A) Strange Animal;Gowan;52;canadian indie
(You're Trying To) Cop My Stuff;Kim Tolliver, Clarence Reid;61;deep southern soul
"(You're) Timeless To Me (""Hairspray"")";John Travolta, Christopher Walken;166;hollywood
(You've Got) Personality;Lloyd Price;177;memphis blues
(z10CFR20);Meima;133;cinematic dubstep
. . . And the Lives Come Flooding;Gholas;67;atmospheric post-metal
...;El Paso Hot Button;33;ok indie
... - ....;Future Fluxus;38;deep german indie
... And Thanks For All The Fish;Tim Farrell;104;fingerstyle
... And The Cheese Fell Down;Satanic Surfers;154;punk
... Der Ernst Am Ende Des Spasses;Tut Das Not;191;german street punk
... No Fuss;Gets Worse;174;power violence
... O Amor Venceu a Guerra;GOG;61;brazilian hip hop
... und nebenbei Liebe, Staffel 2, Folge 4: Abgeblitzt, Kapitel 1;... und nebenbei Liebe;11;hoerspiel
... und nebenbei Liebe, Staffel 2, Folge 6: Erwischt, Kapitel 12;... und nebenbei Liebe;126;hoerspiel
... und nebenbei Liebe, Staffel 2, Folge 6: Erwischt, Kapitel 7;... und nebenbei Liebe;183;hoerspiel
....Del;Nachtluft;62;electroacoustic improvisation
...A little piano;Soft House Company;62;chicago house
...And A Whole Assortment Of Uppers And Downers;Hazards of Swimming Naked;36;instrumental post rock
...and another View;Agamendon;40;deep melodic death metal
...And Now Emerges The Silver Pilgrim;An Albatross;84;nintendocore
...And Only Then;Foolproof;182;deep pop emo
...And The Hazy Sea;Cymbals Eat Guitars;199;brooklyn indie
...And The Word Was War;Undivine;147;charred death
...and then we all made kites;Ours To Alibi;50;atmospheric post rock
...Baby One More Time;The Baseballs;198;rockabilly
...Before;Nachtvorst;88;chaotic black metal
...But A Memory;Frantic Bleep;109;jazz metal
...'Cause I'm Worth It;Terror of Tiny Town;60;vancouver indie
...dimmi che non vuoi morire;Patty Pravo;26;classic italian pop
...Duck;Souls Vibrating In the Universe;108;atmospheric post rock
...E Todo Menino Г‰ um Rei;G.R.E.S. Unidos Do Viradouro;18;samba-enredo
...Ed Io Ti Trovero;Charly Danone;98;deep italo disco
...In Silent Traffic;Once We Were;70;atmospheric post rock
...In Wooden Brackets;Lemon Kittens;169;no wave
...Is Full of;Of Noah;148;atmospheric post-metal
...Light Shades;Alex Milella;182;deep jazz fusion
...nici o stea;Laura Stoica;191;romanian rock
...O Corpo Г‰ Que Paga;Sitiados;114;portuguese rock
...of Dust;My Shameful;7;funeral doom
...Of You;The Dedication;194;alternative hardcore
...Or I May Just Dream (My Life Away);Antimc, Clue To Kalo;194;abstract hip hop
...Seeing...;Panopticon;137;black metal
...Shnirele Perele?;Enrico Fink;39;judaica
...So I Became a Phoenix;Forever Ends Today;70;screamocore
...Soon The Stroke Strikes;Karjalan Sissit;110;dark ambient
...strikeback!;The Drastics;171;traditional ska
...To Die / Live For;Delayhead;58;thrash-groove metal
"...vivi! - ""...vivi!"" 7"" Ep (1984)";Crashbox;172;italian punk
...Walk With Chen;Contrabandit;108;fast melodic punk
...When Dead;Majestic Downfall;58;funeral doom
...Where Roses Never Die...;Angellore;162;gothic doom
.joyriding.;Frank Iero And The Patience;154;pixie
.open;Jason Sloan;105;deep ambient
.Silver Needle. Golden Nail.;Amenra;151;sludge metal
/;Structures;171;death core
?;Im Nebel;192;deep symphonic black metal
? (л¬јмќЊн‘њ) (feat. мµњмћђ of л‹¤мќґл‚лЇ№л“Ђм¤, Zion.T);Primary , Zion.T, мµњмћђ;125;korean pop
? feat. Kurious;Doom;193;crust punk
?ЧћЧ” Ч¤ЧЄЧђЧ•Чќ;ЧћЧЁЧЎЧ“ЧЎ Ч‘Ч Ч“;96;israeli rock
@$$#o!ВЈ IвЂ™m Not Your Baby (Wo Bu Shi Ni Qin Ai De);Hang On The Box;164;chinese indie rock
@7/10ths;db pedersen;30;throat singing
[20] Idylle Pour Ida (Duarte);John Duarte, Marcelo Kayath;108;classical guitar
[Amazing Love] You Are My King;Rachel Robinson;132;deep indie singer-songwriter
[Betsuden] Echigo-Sanya;Ronnie Nyogetsu Seldin;200;japanese traditional
[Futaiken] Reibo;Ronnie Nyogetsu Seldin;22;japanese traditional
[I Can't Get No] Satisfaction;Paolo Fresu Devil Quartet;15;italian jazz
[Kissed You] Good Night;Gloriana;31;contemporary country
[My Baby Does] Good Sculptures;The Rezillos;175;zolo
[r.i.p] Tide;Satanicpornocultshop;195;breakcore
[T]andem;Whitford;114;kc indie
[Twinkle Twinkle] Little Star вЂ“ Xiao Xing Xing;A Little Mandarin;32;nursery
] Joseph Achron Hebrew Melody;Keith Harvey;15;deep cello
_________;The Frosted Ambassador;51;e6fi
_45T. Part 3;Vomir;55;noise
_Sealevel.1;Simon Scott;72;drone
`bout to Bang It;DJ T-1000;122;techno
`U Tagghiamu `Stu Palluni...?!;Combomastas';102;italian hip hop
~To be continued~;з”°дё­зђ†жЃµ(гЃІгЃ‹г‚Љ);7;anime cv
+1 (Plus One) - Dance Workout Remix BPM 126;Alicia Black;106;workout
+20 Broadsword;Rotten Musicians;76;nerdcore
+R;Roger Redgate, Andrew Sparling;148;contemporary classical
<3;Arj Barker;117;comedy
<3s;:(;68;electropowerpop
0 (Dospuntocero);Dapuntobeat;124;mexican indie
0 Sentimentos (Remix) [feat. Noriel, Darkiel, Lyan, Messiah & Baby Rasta];Jonz, Noriel, Darkiel, Lyan, Messiah, Baby Rasta;132;reggaeton flow
0 to 100;Dizzle;152;j-reggae
0 РєРј;РњСѓСЂР°РєР°РјРё;102;russian rock
0-0 a.e.t. - No Score After Extra Time;Thousand Yard Stare;132;britpop
00:00 - Original Mix;Midnight Driver;186;retro electro
00'-00';Karlheinz Stockhausen;9;laboratorio
001 Magic Potion to Hip Hop, The Time Has Come;Instrumentals for Rappers;180;beats
001-2;The Continuous Battle of Order;163;math pop
002_0415_08_lv_1_re_0114_11_lv_1_b_2_dephase;Grischa Lichtenberger;31;glitch
007 - Original mix;Diavlo;91;funky tech house
007 (Shanty Town);Desmond Dekker, The Aces;122;roots reggae
008A;Pattern Repeat;191;minimal dub
01 - Animal Farm;George Orwell;16;reading
01 Of 12 Re-Imprinting Yourself;Michael J. Emery, M.NLP, C.Ht., M.A., Personal Development Coach;36;guidance
01 Svart;Minus noll;131;swedish punk
01 Welcome & Italian Greetings;Let's Learn Italian!;3;guidance
010x;Benjamin Damage;104;minimal dub
0151 AL;BLCKWVS;61;atmospheric post-metal
01a;skoltz_kolgen;165;abstract
02 - Brave New World;Aldous Huxley;179;reading
02 Ai Nho Chang Ai;Tam Doan;63;vietnamese pop
02 November ГҐr 1700;Karolinerna;165;danspunk
02 Of 12 Re-Imprinting Yourself;Michael J. Emery, Personal Development Coach, C.Ht., M.A., M.NLP;114;guidance
02.tryptamoon - Nachtdenklich - Original;Tryptamoon;196;progressive psytrance
021 (Original Style);Funk Fuckers, Marcelo D2;129;brazilian hip hop
02-52-03;RP Boo;155;bass music
028 Hate;Chamber Of Malice;102;brutal deathcore
03 Dutty;DJ Pantha;112;bassline
03 Headache Relief (Advanced_Ambient);Saagara;91;environmental
03 LIQUID FLOW - Unknown Life;Liquid Flow;6;goa trance
03' Malibu (Prod by JimmyB Beats);Marcellus Juvann, Kali;90;underground hip hop
03.21.02;Taylor Deupree + Kenneth Kirschner, Taylor Deupree, Kenneth Kirschner;144;abstract
03/10 (Instrumental);Grzech Piotrowski;125;polish jazz
03-Nedobre (Not good);Docuku;70;czech folk
03-XVIII - The century of Enli;Superior Enlightenment;97;charred death
04 - Animal Farm;George Orwell;139;reading
04 Chiec Khan Gio Am - Muare.asia;Khanh Phuong;28;vietnamese pop
04 Rabih Baroud Khayef Sameky Omry;Rabih Baroud, N/A;194;arab pop
04. Bomben und kiefern;PakkomielleyhtymГ¤;125;finnish hardcore
04.34 a.m.;Opto;145;glitch
04_Snowyevening.wav;Jens Wawrczeck;40;hoerspiel
0400AM;Julia Adams;103;deep swedish indie pop
043 I Live In The City;100 Instrumentals;72;beats
050. Have A Flow ( Instrumental ) 98bpm;A Rap Star;133;beats
06 Mundomatraca;Leticia Servin;170;trova
063 - Sauber gespielt! - Teil 01;Teufelskicker;114;hoerspiel
064 - Punktspiel oder Popstar? - Teil 40;Teufelskicker;5;hoerspiel
065 - Die Kicker der Tafelrunde! - Teil 05;Teufelskicker;173;hoerspiel
069, Pt. 2 (feat. Killa Kellz, J Mfkn Real, P.Rico, 069 Dez, King Dre, Ar Piff & 069 Molly);Smylez, Killa Kellz, J Mfkn Real, P.Rico, 069 Dez, King Dre, Ar Piff, 069 Molly;32;drill
07 Aura;Sinhu;135;deep psytrance
07 To Be / Telling Time / Asking Questions;Let's Learn Italian!;97;guidance
07 Zglos sie;Krzysztof Herdzin, Piotr Biskupski, Mariusz Bogdanowicz;136;polish jazz
08 (Carter Flow);Caleborate;73;bay area indie
08. Siivet feat. Perttu L;Ideaali & Jay Who?;10;finnish dance pop
080 The Jazz Hatter, and Slick Sub Bass;Instrumentals for Rappers;55;beats
0810 (Original Mix);Alessio Gnizio;111;hard minimal techno
09-15-00 (cont.);Godspeed You! Black Emperor;139;post rock
1 + 1 = 3;Mike & the Mellotones;154;modern southern rock
1 + Simera;Amaryllis;111;laiko
1 2 3 4 5 I love you;The Bottom Blues;53;thai pop
1 2 Attacke (Master) - Master;Minupren;195;schranz
1 2 Polizei - L.A.P.D. Radio Edit;Tiger & Dragon, Droolotte Tasha;161;pop house
1 2 w gГіrД™ rД™ce;Star Guard Muffin;110;polish reggae
1 A.M.;Beautiful Creatures;115;glam metal
1 Affoe X 2;Yung Internet;195;dutch hip hop
1 di 6;Raein;4;screamo punk
1 Guarda;Visionist;109;vapor house
1 Hour: Rain Sounds to Help Your Baby Sleep;Natural White Noise for Babies;70;sleep
1 in 100,000;L-FRESH The LION;141;deep australian indie
1 is The Lonliest;Al-Nuke;13;detroit hip hop
1 kadД±n;Indigo;148;turkish hip hop
1 KM More;Spencer McGarry Season;110;welsh rock
1 Lira (feat. AnД±l PiyancД±);Emrah Karakuyu, AnД±l PiyancД±;59;turkish hip hop
1 Litre Gratis;Jakub23;152;neurostep
1 More Night - Original Mix;Skanky;150;future garage
1 of 1;SHINee;115;j-pop
1 Sana 1001 Bana;ГњnlГј;183;turkish alternative
1 Sec;Novelist, Mumdance;193;uk garage
1 Spliff;Merky Ace;108;grime
1 Time;Potter Payper;133;grime
1 Time, 2 Times Devastated;DM3;148;power pop
1 x 0 (um a zero);Benedito Lacerda, Pixinguinha, Yo-Yo Ma;21;choro
1 X 0 Eu;Dibob;45;brazilian punk
1, 2 - ODER 3000 JAHRE;Zillertaler Haderlumpen;49;volksmusik
1, 2, 3;Koree, 257ers;153;deep german hip hop
1, 2, 3;Amyth;28;new jack smooth
1, 2, 3 et voilГ  - Version Bubble Bath & Champagne, Vol. 2;France D'Amour;27;quebecois
1, 2, 3 im Sauseschritt;Detlev JГ¶cker;11;kindermusik
1, 2, 3 Turn Around;Christian TV;61;deep dance pop
1, 2, 3, 4;Chi Boogie, DJ Rashad;66;ghettotech
1, 2, Mic-check;Mike Hunter, Hubler;180;swiss hip hop
1, 2, To the Bass;Stanley Clarke, Q-Tip;134;jazz bass
1,000 FuMPs;The Fump;52;geek rock
1,000 Pounds (feat. Bodega Bamz);Trademark Da Skydiver, Bodega Bamz;77;underground hip hop
1,000,000 Watts;Norma Jean;73;metalcore
1,2 Hit' Em;Randam Luck;90;underground rap
1,2,3,4,5,6,7;Phonebooth;154;k-rock
1,2,3... Go!;Left With Pictures;79;stomp and whittle
1,40m;Prinz Pi, Philipp Dittberner;90;deep german hip hop
1. Big City Dreams;Show It Off;96;british alternative rock
1. El lГЎtigo;TaГ­nos de MayarГ­;143;timba
1. Kapitel;Carola Kickers;84;hoerspiel
1.1.1 - Greetings & pleasantries - Familiarise;Language Addicts Greek;28;guidance
1.1.2 - Greetings & Pleasantries - Recognise;Language Addicts German;14;guidance
1.2.1 - Family Members - Familiarise;Language Addicts German;129;guidance
1.21 Jiggawatts!?;Not To Reason Why;15;atmospheric post rock
1.W.P.;Digital, Response, Drumsound & Bassline Smith;37;drum and bass
1.What Great Are You;Pan Flute Pan Pipe Flute De Pan Nick Tacu;121;panpipe
1/1 (arr. M. Gordon);Michael Gordon, Robert Wyatt, Brian Eno, Rhett Davies, Bang On A Can All-Stars;171;modern classical
1/2 Fast;Steve Bailey, Victor Wooten;194;jazz bass
1/4 Pound Slicin';Cydal;170;deep g funk
1+1 Son 7;Fran Perea;179;spanish pop
1+1=1: вЂ”;Pierluigi Billone, Petra Stump, Heinz-Peter Linshalm;141;serialism
1+2;Rams' Pocket Radio;179;lo star
1+2+3;3 For 1;175;southern gospel
1+Only;So So In Luv;114;vapor house
10 000 Light Years - Original Mix;Zxz;45;witch house
10 Below;Warclown;177;thrash-groove metal
10 I Wanna Be Loved By You;Various Artists;120;vintage jazz
10 Jahre spГ¤ter;Nordwand;135;german oi
10 Kleine Nazischweine;Heiter Bis Wolkig;47;german punk
10 kleine Negerlein;Kinderchor & Orchester;105;kindermusik
10 Lbs.;The Super Friendz;48;canadian indie
10 Mandamentos;Mc menor do chapa, Mc Pedrinho;117;deep funk carioca
10 Menthol;Craig McConkey;198;northern irish indie
10 Meter geh - Radioversion;Wolfgang Preiml;194;deep discofox
10 Meter geh`n;Die CГ¶llner;21;karneval
10 Minutes;Jaysolo;190;deep southern trap
10 MinГєt (feat. Dms);NerieЕЎ, DMS;12;slovak hip hop
10 Mujeres;Poeta Callejero;145;reggaeton flow
10 mГЁtres carrГ©s;Gecko 5;115;french punk
10 O Clock T Break Bollix (feat. Ade Blackburn & Jonathan Hartley);jinx lennon, Ade Blackburn, Jonathan Hartley;167;irish indie
10 Piano Pieces, Op. 2: No. 1 in A Minor, Nicht zu schnell, sehr markiert;Theodor Kirchner, Sontraud Speidel;126;classical period
10 Pieces*: Dix Pieces pour orgue: Toccata;EugГЁne Gigout, Hans Fagius;75;classical organ
10 Places in France - DJ Juan Perez remix;Charlton City Dub Rockers;130;deep chill-out
10 Silver Bullets;Swallow The Sun;73;melodic death metal
10 Sonatas, Op. 8: Sonata No. 8 in D Major: II. Vivace;Pietro Locatelli, London Baroque;68;baroque
10 Steps to Dub;Young Warrior;73;uk dub
10 Times out of 10;Amy Guess;123;vegas indie
10 to a 2;Jamie Bergeron & The Kickin' Cajuns;120;swamp pop
10 To Make / to Do;Let's Learn Italian!;148;guidance
10 Veces Mejor;KURT;99;j-metal
10 Woodland Sketches, Op. 51: II. To a Wild Rose;Edward MacDowell, Dan Gibson's Solitudes;142;romantic
10 Years;Sarah Severson;102;ectofolk
10 Years of Denial;Chaoswave;79;melodic progressive metal
10, 7 and Possibly 6 (feat. Lynne Jackaman);Thirsty, Lynne Jackaman;175;kc indie
10,000 Men of Harvard;Harvard University Band;132;college marching band
10,000 Miles Away;The Skullduggers;7;shanty
10,000 Miles Away;The Seadogs;102;shanty
10,000 Miles Away - Radio Edit;Bellowhead;92;british folk
10,000 Reasons;New Charlotte Worship;98;alternative ccm
10,000 Reasons;Ashley Harris;175;lds
10,000 Reasons (Bless the Lord Oh My Soul);Joshua Kesler;148;gospel reggae
10,000 Reasons (Bless the Lord);Steve Angrisano;191;rosary
10,000 Reasons (Bless the Lord);Winnie Schweitzer, Tobi Worner;102;german ccm
10,000 Reasons (Bless the Lord) [Radio Version];Matt Redman;49;christian alternative rock
10,000 Reasons (Live);The Relentless Project;118;alternative ccm
10,000 Stones;Adrianne;122;lilith
10,000 Years;Agnostic Mountain Gospel Choir;91;gothic americana
10.000 Dollari Per Un Massacro -Ten Thousand Dollars For A Massacre;Nora Orlandi;14;classic soundtrack
10.000 Falls;Logical Terror;160;cyber metal
10.000 Grunde (Part II);Jamil;73;j-poprock
10.000 Razones;Su Presencia;14;latin christian
10.000 Redenen (feat. Nelinda Troost);Gerald Troost, Nelinda Troost;13;christelijk
10.000 Sermons. One Solution;Success Will Write Apocalypse Across The Sky;174;death core
10.000 TrГ¤nen;Berge;25;deep german pop rock
10.45 a.m.;Opto;184;abstract
10:00 P.M.;Larry Carlton;69;jazz funk
10^(-20) Angstrom;Thy Catafalque;106;slavic metal
100 % Of Loving;Marcia Griffiths, Ziggi Recado;38;dancehall
100 (feat. Drake);The Game, Drake;81;gangster rap
100 (feat. Tory Lanez);Anthony Starr, Tory Lanez;72;slow game
100 Bars;Lil Mouse;125;drill
100 Bars, Pt. 3;J. Monty;80;christian hip hop
100 Black Coffins;Raven Hunter, Bracko, Cutthroat;83;horrorcore
100 Bouncing Gale;Polygon Prompt;150;j-core
100 Easy Ways To Lose A Man;Sheila Cooper;150;deep german jazz
100 Insultos;Infamous & VRZ;33;hip hop tuga
100 Kilos de barro - Remastered;Enrique GuzmГЎn & Teen Tops;89;mexican rock-and-roll
100 Lbs of Collie;Cornell Campbell;105;dancehall
100 mal Berlin;Helga Hahnemann;20;ostrock
100 Million;Charlie Hilton;72;preverb
100 Millions Megatons of Tnt;Blisargon Demogorgon, Terranoise;4;dark psytrance
100 Other Lovers;DeVotchKa;67;laboratorio
100 Proof;88 Fingers Louie;109;punk
100 shottia;Ruma;163;finnish dance pop
100 Steps - Original Version;Robert Stepper;149;deep deep tech house
100 Teardrops;John Wayne Army;99;deep psychobilly
100 Times;Steve Rodgers;61;neo-singer-songwriter
100 Times;Black Tie Dynasty;39;deep gothic post-punk
100 Tusen Ting;Eriksen;169;classic norwegian pop
100 X 100 Antifascista Microplatform Remix;Damauz & Andrae;31;deep flow
100 Years: Music Video;Five For Fighting;108;piano rock
100 Г¤nglar I Din Famn;Linda Pritchard;96;swedish pop
100% AsozialitГ¤t - Deluxe Version;Skeez, Rapido, Alfa;129;deep german hip hop
100% British Oi!;Bakers Dozen;116;oi
100% Feminista;Mc Carol, Karol ConkГЎ, Leo Justi, Tropkillaz;71;deep funk carioca
100% GangstaZ;Bumsestilen;63;danish hip hop
100% Hood;Killa Keise, Killa Squad;58;bay area hip hop
100% Mulher;Denis GraГ§a;6;kizomba
100% Normal;Alle Gode Ting;145;norwegian punk
100% Of Disin' You;Armando;57;chicago house
100% Organic Xxx-Tasy;Jesusmartyr;169;thrash-groove metal
100% Pure Love;Crystal Waters;28;disco house
100% Pure Love - Single Mix;Future Beat;194;deep eurodance
100% VocГЄ;Chiclete Com Banana;161;sertanejo universitario
100%гѓ’гѓјгѓ­гѓј;г‚­гѓҐг‚ўгѓ”гѓјг‚№/й»„зЂ¬г‚„г‚€гЃ„(CV:й‡‘е…ѓеЇїе­ђ);31;anime cv
100%-РЅРёР№ РїР»Р°РіС–Р°С‚;РўР°СЂС‚Р°Рє;185;ukrainian rock
100,000 Fireflies;Mammoth Life;166;kc indie
100.000;Гљlfur Гљlfur;199;classic icelandic pop
1000 AМЉr;Ankerstjerne & Rasmus Seebach, Ankerstjerne, Rasmus Seebach;78;danish pop
1000 Buddhas of the Pureland of Bass - original mix;Freq Nasty;125;big beat
1000 Corpses Walk The Earth;Diemonsterdie;170;horror punk
1000 Dromen;Lytse Hille;58;levenslied
1000 Drummers;Ozi Batla;34;australian hip hop
1000 Golpes;Dunedain;27;latin metal
1000 I 2 Eiszinis;Borowa MC pied. Leila Alijeva;150;latvian pop
1000 kleine SГјnden;Roberto Falcone;34;deep discofox
1000 KM bis zum Meer - Radio Edit;LuxuslГ¤rm;131;german pop rock
1000 Lives;NORTHPILOT;55;chicago indie
1000 LГјgen;Molotow Soda;35;german punk
1000 LГјgen - Radio-Edit;Wilde Herzen;41;discofox
1000 LГЎgrimas;Dragonfly;28;latin metal
1000 Mile Drift - International Observer Remix;Pitch Black, Brother J;68;psychill
1000 miles;H.E.A.T;75;glam metal
1000 Miles;Bass-D;131;gabba
1000 Miles;Roebeck;32;deep chill-out
1000 Miles - Laurent Garnier Remix;Martin Landsky, Laurent Garnier;134;german techno
1000 Nights and One;East Beat Syndicate;119;deep eurodance
1000 Penipuan;Farah Asyikin;194;malaysian pop
1000 Sigarette E Un Omicidio;Macelleria Mobile di Mezzanotte;142;power electronics
1000 StГ¶veltramp pГҐ Ryggen;Sixten RedlГ¶s;52;swedish punk
1000 Tons Of Megaton;Ronald Alphonse;19;deep latin jazz
1000 TrГ¤ume weit (TornerГі) - Party-Oooh-Mix;Tom Marquardt;94;deep discofox
1000 und 1 Nacht (Zoom!);Nico Schwanz;44;deep discofox
1000 Verwandte;Onkel Berni;58;electropunk
1000 Ways - Original Mix;CJ RcM;9;chill-out trance
1000 Ways of Loving You;Mac Kissoon;138;traditional rock 'n roll
1000 Words - Angels of Liberty Mix;Ending The Vicious Cycle;177;ethereal gothic
1000 x so schГ¶n;Alpentrio Tirol;12;volksmusik
1000 Yard Stare;Black Ritual;72;thrash-groove metal
1000 Years;Black Pus;131;noise punk
1000 Years;Sanctorium;97;gothic doom
1000 Years Old;Ganga;133;electro jazz
10000 Km;La Portuaria;168;argentine reggae
10000 Times;Apartment;119;deep gothic post-punk
100000 parole d'amore;Davide;145;italian pop rock
100-1;Funzion;197;deep dub techno
1001 Nacht;Marianne Cathomen;56;volksmusik
1001 Nights - Original Mix;Proyal;104;progressive uplifting trance
1001 noc 2013 rework;Colonia;128;turbo folk
1001-1002-1003;Black Debbath;190;norwegian pop
100ft High;Pronobozo;94;big beat
100k;Antwon;97;underground hip hop
100K;Goodbye Tomorrow;60;deep underground hip hop
100K;Manikan;176;vapor house
100k Pasos;Agorazein, C.Tangana, Sticky M.A.;179;deep latin hip hop
100ГЁme Г©tage;Vegastar;42;neo metal
101 (The Good Stuff);Knowmads;43;underground pop rap
101 Colorized Bottles;Sky Saxon, The Seeds;190;deep classic garage rock
101 Damnations;Invasives;67;vancouver indie
101 Go;The Bellwether Syndicate;108;corrosion
101 NoД‡;Maja Blagdan, Alen Nizetic;172;classic eurovision
101 Things to Do While I'm with Your Girl;Kwest Tha Madd Lad;11;deep east coast hip hop
101 Things to Do While I'm with Your Girl (Instrumental);Kwest Tha Madd Lad;168;beats
101 Vultures;Alex Winston;6;shimmer pop
101010 (The Perfect Ten) [ASOT 728] [Taken from A State Of Trance @ Ushuaia, Ibiza 2015] [Tune Of The Week] - Original Mix;Jorn Van Deynhoven;106;progressive house
1044 Coplin (Give You Whatcha Lookin 4);Marcellus Pittman;136;deep soul house
107.9 FM - Original Mix;Trefko;183;deep darkpsy
108 La Cantiga De MerlГ­n;Carlos Beceiro, Cesar Carazo, Jorge MuГ±oz, Alfonso X El Sabio, Eduardo Paniagua;100;spanish folk
10cc;Erie Choir;37;triangle indie
10ft Tall;Gravel Switch;199;heavy alternative
10th & Woodsborough;Freeto Boat;71;christian punk
10th Generation;Supercommuter;180;nerdcore
10xOver;AyGeeTee;185;vaporwave
11 - Mua Thu Cho Em - Ngoc Lan;Ngoc Lan;109;vietnamese pop
11 Bagatelles for Solo Fortepiano op. 119 no. 1;Tanya Tomkins and Eric Zivian;87;cello
11 Hours - Original Mix;Heartik, Konstantin Yoodza;160;deep tech house
11 Januari;Gigi;24;indonesian pop
11 Morskih Lavova;Ivo Amulic;109;croatian pop
11 September;JuliensBlog;95;deep german hip hop
11. BjГёrnedans - Instrumental;Lise Fjeldstad;98;barnemusikk
11:11 - Radio Edit;Dinosaur Pile-Up;89;alt-indie rock
11:11 Spirit;Alex Garcia's AfroMantra;173;deep latin jazz
1129 Blues (The Midnight Special);Romeo Nelson;160;piano blues
113 officerare;Stefan Andersson;120;swedish pop
114 Surah An Nas;Qari Wahid Zafar Qasmi;134;islamic recitation
117 - Soundtrack Edit;Kazuma Jinnouchi;74;scorecore
117 - und der Wolf in den Highlands - Teil 02;FГјnf Freunde;177;hoerspiel
117th Street;Herbie Nichols Trio;61;jazz trio
118 - und der falsche Patient - Teil 12;FГјnf Freunde;111;hoerspiel
119 - und das versunkene Schiff - Teil 08;FГјnf Freunde;99;hoerspiel
11th Dimension;Julian Casablancas;187;indie rock
12 apinaa;Nylon Beat;135;finnish pop
12 Ay / Oniki Ay;Yonca Lodi;30;turkish pop
12 Capricci Op. 25 Per Violoncello Solo: Adagio Largamente;Wen-Sinn Yang & Chifuyu Yada;18;deep cello
12 Capricci Op. 25 Per Violoncello Solo: Allegretto;Wen-Sinn Yang & Chifuyu Yada;99;deep cello
12 Capricci Op. 25 Per Violoncello Solo: Maestoso;Wen-Sinn Yang & Chifuyu Yada;69;deep cello
12 Caprices, Op. 25: No. 12. Allegretto capriccioso;Alfredo Piatti, Soo Bae;94;deep cello
12 Caprices, Op. 25: No. 2. Andante religioso;Alfredo Piatti, Soo Bae;5;deep cello
12 Caprices, Op. 25: No. 7. Maestoso;Alfredo Piatti, Soo Bae;66;deep cello
12 Concerti Grossi Opus VI, Parte Seconda Per Camera, Concerto 10 In C Major: Preludio, andante Largo;Musica Amphion, Sayuri Yamagata, RГ©my Baudet, Richte Van Der Meer, Pieter-Jan Belder, Arcangelo Corelli;12;harpsichord
12 Concertos, Op. 6, Concerto No. 3 in D Minor: II. Allegro sprirituoso, K 37, RG 25;Charles Avison, Concerto KГ¶ln;184;baroque
12 Etudes d'interpretation, Book 1: No. 1. Cadences libres;Maurice Ohana, Prodromos Symeonidis;27;serialism
12 Etudes in Thumb Position, Op. 25 (arr. M. Rummel): No. 3 in B Minor;Martin Rummel, Felix Battanchon;32;deep cello
"12 Etudes, Op.10 No.12 in C minor ""Revolutionary"" : Allegro con fuoco";Stanislav Bunin;65;classical piano
12 Gauge;Bundle Of Hiss;88;grunge
12 Gauge Facelift;Putrefy;50;slam death metal
12 Gifts - Original;15000 Feet Down;108;deep deep tech house
12 Inch - Picco Mix;Dave Darell, Picco;60;pop house
12 Inch - Rocco & Bass-T Remix;Niels De Vries;184;hands up
12 Ounce World;Rodney Hayden;103;texas country
12 Pack Morning;Arty Hill;187;neo honky tonk
12 Piezas caracteristicas, Op. 92: No. 12. Torre Bermeja (arr. N. Kraft for guitar);Norbert Kraft, Isaac AlbГ©niz;174;brazilian composition
12 piГЁces, Op. 40: VIII: Valse;Xavier De Maistre, Pyotr Ilyich Tchaikovsky;26;harp
12 Remix Lead Me to the Cross;DJ Tony Foxx;102;christian dance
12 Steps;USCB Allstars;166;swedish hip hop
1-2 Ultraviolento;Los Violadores;115;argentine rock
12 Г‰tude d'exГ©cution transcendante, Op. 11: No. 10. Lesghinka;Sergei Lyapunov, Caroline Fischer;167;romantic
12,000 Valium;Twelve Thousand Armies;198;triangle indie
12.000 Km;Nikolaj NГёrlund;148;danish indie
120 Te DrГёmmeland;Kompani 69;5;norwegian hip hop
1200 Days;Erick Baker;95;indiecoustica
121 Bank Street;George Russell Sextet;84;avant-garde jazz
123 & ABC;The Super Silly Kids;45;kindermusik
1-2-3 Red Light;Apache Dropout;81;garage pop
123 Victory;Kirk Franklin;57;gospel
123 Viva l'Algerie;Zahouania, Khalass, Kader Japonais;5;rai
1234567Days;Lacson;76;swiss rock
127 La Brea;This Drama;140;spanish indie rock
12th of July;ILUKA;149;aussietronica
12Th Street Rag;Terry Lightfoot & His Band;96;dixieland
12th Street Rag;Roy Smeck;189;ukulele
12Th Street Rag;Jo Ann Castle;167;ragtime
12th Street Rag;Texas Top Hands;166;vintage western
12th Street Rag Medley;Dave Tucker;69;ragtime
13 / Becoming A Man;Various Artists;169;broadway
13 Anahtar Violin Mix Sirhot feat Nefret;Sirhot, Nefret;33;turkish hip hop
13 Crows;Roger Roger;37;library music
13 Days;Dave Mack;116;southern soul blues
13 Etudes : Etude in A Minor Op.25 No.11;Wilhelm Backhaus;171;classical performance
13 jours au Japon - Summer of Japan 2O2O;Ringo Sheena;19;japanese city pop
13 Monsters;Lightning Bolt;152;noise rock
13 procent;Fredag den 13:e;91;crust punk
13 State Tour;Graham Elwood;193;deep comedy
13 Stones To Float;Being 747;4;leeds indie
13 Tage - Version 2013 Radio-Edit;Schweizer;195;schlager
13 Vidas;El Natty Combo;96;argentine reggae
13 Years;Xentrix;157;deep thrash metal
13. Cuma;Caprice Atak;130;turkish hip hop
13. Johnny Vai ГЂ Guerra (Outra Vez);Plebe Rude;185;brazilian punk
130 volti;MetrГІ;154;brega
1312 - Original;Blood Force Trauma;14;rap metalcore
135 dpi;Urban Electro;190;nu electro
138 Trek (feat. DJ Zinc) - Remix;DJ Swiss, MC Harvey, So Solid Crew, DJ Zinc;100;uk garage
13th Of The Month;Four Day Hombre;157;leeds indie
13th Warrior;Mic Powers;167;beats
14 Banga (feat. Boo, Conspiracy);Doc 9, Boo, Conspiracy;192;bay area hip hop
14 Days;Be My Bronx;96;deep latin alternative
14 Days of Rain;Annie Gallup;90;michigan indie
14 Hour Technicolour Dream;The Syn;84;freakbeat
14 Hours;Magicks;51;witch house
14 Miles From Home;Six Market Blvd.;18;deep texas country
14 Missed Calls;Constant Lovers;113;seattle indie
14 Piges;Weedy;19;bass trip
14 Recitations, Op. 46: Recitation 9;Georges Aperghis, Tony Arnold;98;serialism
14 Rue Paul Fort 5;JoГ«lle LГ©andre, BenoГ®t Delbecq, FranГ§ois Houle;175;electroacoustic improvisation
14 Songs, Op. 34: No. 14. Vocalise in E Minor (arr. Z. Kocsis for piano);ZoltГЎn Kocsis, Sergei Rachmaninoff, PГ©ter Nagy;103;classical
14 Years Old;Zuul Fx;34;cyber metal
14,000 Things to Be Happy About;Troubled Hubble;159;chicago indie
14.II IdЕє;Skangur;44;polish reggae
